{
  "あきる野市": 21000000.0,
  "いすみ市": 4800000.0,
  "かすみがうら市": 10000000.0,
  "さいたま市中央区": 43921198.15668203,
  "さいたま市北区": 27610569.105691057,
  "さいたま市南区": 39050252.52525253,
  "さいたま市大宮区": 52051026.392961875,
  "さいたま市岩槻区": 24583606.557377048,
  "さいたま市桜区": 22381896.55172414,
  "さいたま市浦和区": 52355579.86870897,
  "さいたま市緑区": 30663636.363636363,
  "さいたま市西区": 19357142.85714286,
  "さいたま市見沼区": 16329133.858267717,
  "つくばみらい市": 28562500.0,
  "つくば市": 41017094.017094016,
  "ひたちなか市": 35125000.0,
  "ふじみ野市": 27038000.0,
  "三浦市": 20750000.0,
  "三浦郡葉山町": 59821428.571428575,
  "三郷市": 23017557.251908395,
  "三鷹市": 54507364.34108527,
  "上尾市": 27345384.615384616,
  "下野市": 21357142.85714286,
  "世田谷区": 66516730.36093418,
  "中央区": 99460458.91141942,
  "中郡二宮町": 6275000.0,
  "中郡大磯町": 36300000.0,
  "中野区": 53739591.43968871,
  "久喜市": 17658823.529411763,
  "伊勢原市": 17127272.727272727,
  "伊勢崎市": 7600000.0,
  "佐倉市": 21476691.72932331,
  "佐野市": 10350000.0,
  "入間市": 12551933.70165746,
  "入間郡三芳町": 18435849.056603774,
  "入間郡毛呂山町": 6000000.0,
  "入間郡越生町": 4000000.0,
  "八千代市": 22046638.655462183,
  "八潮市": 24468253.968253966,
  "八王子市": 27082276.995305166,
  "八街市": 7500000.0,
  "利根郡みなかみ町": 5350000.0,
  "前橋市": 20875324.675324675,
  "加須市": 11342857.142857144,
  "勝浦市": 8766666.666666666,
  "北区": 48081884.057971016,
  "北本市": 10182857.142857144,
  "北葛飾郡杉戸町": 12417647.05882353,
  "北足立郡伊奈町": 7475000.0,
  "千代田区": 78810752.68817204,
  "千葉市中央区": 29910663.507109005,
  "千葉市稲毛区": 22279027.3556231,
  "千葉市緑区": 17791304.347826086,
  "千葉市美浜区": 29333865.030674845,
  "千葉市花見川区": 18810671.936758894,
  "千葉市若葉区": 11592134.831460673,
  "南埼玉郡宮代町": 13100000.0,
  "南房総市": 5340000.0,
  "印旛郡酒々井町": 13690000.0,
  "印西市": 25085909.09090909,
  "厚木市": 23817511.520737328,
  "取手市": 12118292.68292683,
  "古河市": 16436842.105263159,
  "台東区": 53926518.39178785,
  "吉川市": 27923728.813559324,
  "君津市": 17037500.0,
  "吾妻郡草津町": 8650000.0,
  "吾妻郡長野原町": 7200000.0,
  "和光市": 32909523.80952381,
  "品川区": 72207465.09129968,
  "四街道市": 23693750.0,
  "国分寺市": 56228846.15384615,
  "国立市": 43888000.0,
  "土浦市": 16152941.176470589,
  "坂戸市": 13307462.686567165,
  "墨田区": 44713526.19233777,
  "多摩市": 30429639.17525773,
  "大和市": 29000777.20207254,
  "大田区": 43424540.15253477,
  "大網白里市": 17880000.0,
  "太田市": 17422222.222222224,
  "夷隅郡御宿町": 7660000.0,
  "宇都宮市": 23738818.565400843,
  "守谷市": 39794117.64705882,
  "富士見市": 27863333.333333332,
  "富里市": 14570000.0,
  "小山市": 21097435.897435896,
  "小平市": 36678695.652173914,
  "小田原市": 28210000.0,
  "小金井市": 47059302.325581394,
  "山武市": 6000000.0,
  "山武郡横芝光町": 5400000.0,
  "川口市": 31558112.87477954,
  "川崎市中原区": 62811947.43130227,
  "川崎市多摩区": 32802686.56716418,
  "川崎市宮前区": 39830662.557781205,
  "川崎市川崎区": 34774690.50894085,
  "川崎市幸区": 50654651.1627907,
  "川崎市高津区": 43746336.996337,
  "川崎市麻生区": 36193292.682926826,
  "川越市": 21133236.151603498,
  "市原市": 17162162.162162162,
  "市川市": 35013888.88888889,
  "平塚市": 24583985.765124556,
  "幸手市": 7835714.285714285,
  "府中市": 41276739.92673992,
  "座間市": 20464485.98130841,
  "志木市": 28594871.794871796,
  "成田市": 20694666.666666668,
  "我孫子市": 23657936.507936507,
  "戸田市": 36542214.53287197,
  "所沢市": 26451385.39042821,
  "文京区": 69776162.29923922,
  "新宿区": 68858967.6746611,
  "新座市": 24260759.493670885,
  "日光市": 5900000.0,
  "日立市": 20928571.42857143,
  "日野市": 28698139.534883723,
  "春日部市": 15031927.710843373,
  "昭島市": 30329239.76608187,
  "朝霞市": 32163137.25490196,
  "木更津市": 21050000.0,
  "本庄市": 11413333.333333334,
  "杉並区": 51354166.666666664,
  "東久留米市": 21142537.313432835,
  "東大和市": 28377333.333333332,
  "東村山市": 24989903.846153848,
  "東松山市": 12110526.315789474,
  "東金市": 6257142.857142857,
  "松戸市": 23470534.351145037,
  "板橋区": 38690179.08723281,
  "柏市": 32596928.327645052,
  "栃木市": 23000000.0,
  "桐生市": 13366666.666666666,
  "桶川市": 18096969.696969695,
  "横浜市中区": 46895512.820512824,
  "横浜市保土ケ谷区": 27995308.64197531,
  "横浜市南区": 24628279.883381926,
  "横浜市戸塚区": 34590957.44680851,
  "横浜市旭区": 21161059.190031152,
  "横浜市栄区": 35324864.86486486,
  "横浜市泉区": 31849532.710280374,
  "横浜市港北区": 43393115.942028984,
  "横浜市港南区": 27338820.638820637,
  "横浜市瀬谷区": 28709677.419354837,
  "横浜市磯子区": 27440000.0,
  "横浜市神奈川区": 43995369.21151439,
  "横浜市緑区": 29795428.57142857,
  "横浜市西区": 56064553.31412104,
  "横浜市都筑区": 49106079.66457023,
  "横浜市金沢区": 25488337.46898263,
  "横浜市青葉区": 44768844.22110553,
  "横浜市鶴見区": 32679945.054945055,
  "横須賀市": 21675555.555555556,
  "武蔵村山市": 11921052.631578946,
  "武蔵野市": 61529931.972789116,
  "比企郡小川町": 9500000.0,
  "水戸市": 19692424.242424242,
  "江戸川区": 47205454.54545455,
  "江東区": 71851298.24561404,
  "流山市": 38639068.10035843,
  "浦安市": 53292803.97022332,
  "海老名市": 32130434.782608695,
  "深谷市": 8676666.666666666,
  "清瀬市": 28668965.51724138,
  "渋谷区": 83846615.25278492,
  "港区": 98715406.80900173,
  "熊谷市": 12859722.222222222,
  "牛久市": 21112820.512820512,
  "狛江市": 44944055.944055945,
  "狭山市": 10934736.842105264,
  "町田市": 32775125.628140703,
  "白井市": 14968376.068376068,
  "白岡市": 20250000.0,
  "目黒区": 74829677.41935484,
  "相模原市中央区": 23263846.153846152,
  "相模原市南区": 27303855.421686746,
  "相模原市緑区": 25182550.33557047,
  "矢板市": 5500000.0,
  "福生市": 15637878.787878787,
  "秦野市": 13526744.186046511,
  "稲城市": 33214093.959731545,
  "稲敷郡阿見町": 9500000.0,
  "立川市": 30763580.246913582,
  "笠間市": 7500000.0,
  "綾瀬市": 12005000.0,
  "練馬区": 40925837.320574164,
  "羽村市": 14676744.186046511,
  "羽生市": 5000000.0,
  "習志野市": 34192261.9047619,
  "船橋市": 29459544.65849387,
  "茂原市": 10716666.666666666,
  "茅ヶ崎市": 36885570.469798654,
  "草加市": 24654891.304347824,
  "荒川区": 50259781.121751025,
  "葛飾区": 36481271.28263337,
  "蓮田市": 22108333.333333332,
  "蕨市": 30664028.77697842,
  "藤沢市": 41129850.74626866,
  "行田市": 7200000.0,
  "袖ケ浦市": 19815384.615384616,
  "西多摩郡瑞穂町": 5066666.666666667,
  "西東京市": 39383208.95522388,
  "調布市": 43924657.53424658,
  "豊島区": 59237043.79562044,
  "越谷市": 29270187.79342723,
  "足利市": 8992857.142857144,
  "足柄上郡開成町": 26100000.0,
  "足柄下郡湯河原町": 14471428.57142857,
  "足柄下郡真鶴町": 18725000.0,
  "足柄下郡箱根町": 10272815.533980582,
  "足立区": 35406955.92286501,
  "逗子市": 37547169.81132075,
  "那珂郡東海村": 31000000.0,
  "那須塩原市": 5100000.0,
  "那須烏山市": 3500000.0,
  "野田市": 13082758.620689655,
  "鉾田市": 3500000.0,
  "鎌ケ谷市": 20517808.21917808,
  "鎌倉市": 45804621.8487395,
  "長生郡一宮町": 8200000.0,
  "長生郡長柄町": 16000000.0,
  "青梅市": 12393750.0,
  "飯能市": 12892857.142857144,
  "館林市": 6900000.0,
  "高崎市": 24122627.737226278,
  "高座郡寒川町": 13956250.0,
  "高萩市": 4000000.0,
  "鴨川市": 8766666.666666666,
  "鴻巣市": 14904444.444444444,
  "鶴ケ島市": 15772500.0,
  "鹿嶋市": 16000000.0,
  "龍ケ崎市": 7655555.555555556
}