{
  "あきる野市": 26884306.569343064,
  "いすみ市": 6719375.0,
  "かすみがうら市": 14614218.75,
  "さいたま市中央区": 58691099.47643979,
  "さいたま市北区": 51217528.08988764,
  "さいたま市南区": 55254265.4028436,
  "さいたま市大宮区": 60413058.419243984,
  "さいたま市岩槻区": 31483489.932885908,
  "さいたま市桜区": 40819075.14450867,
  "さいたま市浦和区": 63808000.0,
  "さいたま市緑区": 41112443.43891403,
  "さいたま市西区": 33733916.08391608,
  "さいたま市見沼区": 35163681.5920398,
  "さくら市": 16802790.69767442,
  "つくばみらい市": 20662753.623188406,
  "つくば市": 34090412.6984127,
  "ひたちなか市": 20474456.52173913,
  "ふじみ野市": 34167637.54045308,
  "みどり市": 14261643.835616438,
  "三宅村": 4033333.3333333335,
  "三浦市": 18758490.566037737,
  "三浦郡葉山町": 53007575.75757576,
  "三郷市": 34579608.938547485,
  "三鷹市": 70929154.51895043,
  "上尾市": 33969790.4540163,
  "下妻市": 11350441.176470589,
  "下都賀郡壬生町": 16808252.427184466,
  "下都賀郡野木町": 13044925.373134328,
  "下野市": 22375000.0,
  "世田谷区": 115145725.38860103,
  "中央区": 186403508.77192983,
  "中郡二宮町": 25561956.52173913,
  "中郡大磯町": 28178301.88679245,
  "中野区": 93595121.95121951,
  "久喜市": 20871447.963800903,
  "久慈郡大子町": 13382307.692307692,
  "伊勢原市": 30821397.379912663,
  "伊勢崎市": 18044695.340501793,
  "佐倉市": 25637096.774193548,
  "佐波郡玉村町": 19307857.14285714,
  "佐野市": 15839024.390243903,
  "児玉郡上里町": 13865370.370370371,
  "児玉郡神川町": 7326315.7894736845,
  "児玉郡美里町": 10757272.727272727,
  "入間市": 27813824.884792626,
  "入間郡三芳町": 30809574.468085106,
  "入間郡毛呂山町": 9524296.875,
  "入間郡越生町": 11190294.11764706,
  "八丈町": 9474666.666666666,
  "八千代市": 35253938.35616438,
  "八潮市": 43359148.93617021,
  "八王子市": 37574472.43022464,
  "八街市": 9846687.116564417,
  "利根郡みなかみ町": 5111538.461538462,
  "利根郡川場村": 9033333.333333334,
  "利根郡昭和村": 6600000.0,
  "利根郡片品村": 1350000.0,
  "前橋市": 22949146.800501883,
  "加須市": 16133293.768545995,
  "勝浦市": 15337254.901960785,
  "北区": 70552902.15588723,
  "北本市": 26250000.0,
  "北相馬郡利根町": 5260571.428571428,
  "北群馬郡吉岡町": 11928333.333333334,
  "北群馬郡榛東村": 14088000.0,
  "北茨城市": 13084651.162790697,
  "北葛飾郡杉戸町": 16989485.29411765,
  "北葛飾郡松伏町": 22452377.622377623,
  "北足立郡伊奈町": 27440136.054421768,
  "匝瑳市": 12176060.606060605,
  "千代田区": 210269230.76923078,
  "千葉市中央区": 44016636.851520576,
  "千葉市稲毛区": 39910052.21932115,
  "千葉市緑区": 32105623.47188264,
  "千葉市美浜区": 49632352.941176474,
  "千葉市花見川区": 42852890.792291224,
  "千葉市若葉区": 31629957.35607676,
  "南埼玉郡宮代町": 21566666.666666668,
  "南房総市": 9284563.106796116,
  "南足柄市": 17275175.43859649,
  "印旛郡栄町": 10484615.384615384,
  "印旛郡酒々井町": 18469841.26984127,
  "印西市": 36648076.92307692,
  "厚木市": 33261333.333333332,
  "取手市": 21519836.06557377,
  "古河市": 15424064.32748538,
  "台東区": 139940828.40236688,
  "吉川市": 36474066.666666664,
  "君津市": 21853773.58490566,
  "吾妻郡中之条町": 10776111.111111112,
  "吾妻郡嬬恋村": 7905571.428571428,
  "吾妻郡東吾妻町": 7258148.148148148,
  "吾妻郡草津町": 11213333.333333334,
  "吾妻郡長野原町": 7910512.820512821,
  "吾妻郡高山村": 2000000.0,
  "和光市": 55759333.333333336,
  "品川区": 108020186.91588785,
  "四街道市": 25675000.0,
  "国分寺市": 58048387.09677419,
  "国立市": 70410126.58227848,
  "土浦市": 19845900.383141764,
  "坂戸市": 24663942.65232975,
  "坂東市": 10289840.0,
  "塩谷郡塩谷町": 9464444.444444444,
  "塩谷郡高根沢町": 17495312.5,
  "墨田区": 91195273.6318408,
  "多摩市": 46308139.53488372,
  "大和市": 50502131.14754099,
  "大島町": 3025000.0,
  "大田区": 85191123.33071485,
  "大田原市": 15077500.0,
  "大網白里市": 12814857.142857144,
  "大里郡寄居町": 6906407.766990291,
  "太田市": 19392188.09980806,
  "夷隅郡大多喜町": 3200000.0,
  "夷隅郡御宿町": 14330434.782608695,
  "宇都宮市": 29399922.178988326,
  "守谷市": 29328795.811518326,
  "安中市": 10072933.333333334,
  "安房郡鋸南町": 10790476.19047619,
  "富士見市": 36261803.71352785,
  "富岡市": 11019873.41772152,
  "富津市": 13849310.344827587,
  "富里市": 17859415.584415585,
  "小山市": 22027816.29116118,
  "小平市": 47458395.52238806,
  "小田原市": 27626227.54491018,
  "小笠原村": 6066666.666666667,
  "小美玉市": 7821354.166666667,
  "小金井市": 68497787.61061947,
  "山武市": 6390303.03030303,
  "山武郡九十九里町": 5042187.5,
  "山武郡横芝光町": 6193958.333333333,
  "山武郡芝山町": 12092800.0,
  "川口市": 40484041.93360513,
  "川崎市中原区": 70484419.26345609,
  "川崎市多摩区": 57628629.03225806,
  "川崎市宮前区": 51976968.503937006,
  "川崎市川崎区": 62706858.407079645,
  "川崎市幸区": 58336458.333333336,
  "川崎市高津区": 60069754.76839237,
  "川崎市麻生区": 50761015.1187905,
  "川越市": 32668153.54713314,
  "市原市": 22852328.04232804,
  "市川市": 50710347.37620103,
  "常総市": 12258351.648351649,
  "常陸大宮市": 9430217.391304348,
  "常陸太田市": 10889012.345679013,
  "平塚市": 34198342.24598931,
  "幸手市": 15953731.343283582,
  "府中市": 54614957.98319328,
  "座間市": 33935654.59610028,
  "志木市": 38239393.93939394,
  "愛甲郡愛川町": 22880344.827586208,
  "愛甲郡清川村": 6500000.0,
  "成田市": 32144680.85106383,
  "我孫子市": 27035681.818181816,
  "戸田市": 63358297.872340426,
  "所沢市": 35994775.46549836,
  "文京区": 138358267.71653542,
  "新宿区": 131003412.96928328,
  "新島村": 6100000.0,
  "新座市": 35469958.93223819,
  "日光市": 10706200.0,
  "日立市": 14613162.939297125,
  "日野市": 44661842.10526316,
  "日高市": 19520958.083832335,
  "旭市": 9315673.076923076,
  "春日部市": 27176444.444444444,
  "昭島市": 39405704.69798658,
  "朝霞市": 50243934.42622951,
  "木更津市": 25920354.90605428,
  "本庄市": 15218803.827751197,
  "杉並区": 96984227.12933753,
  "東久留米市": 40272282.60869565,
  "東大和市": 38004942.96577947,
  "東村山市": 38544489.79591837,
  "東松山市": 16954750.73313783,
  "東茨城郡城里町": 5292000.0,
  "東茨城郡大洗町": 12106000.0,
  "東茨城郡茨城町": 9868292.68292683,
  "東金市": 13306172.839506174,
  "松戸市": 38510465.94982079,
  "板橋区": 72809203.14253648,
  "柏市": 36424803.84900074,
  "栃木市": 13723730.407523511,
  "桐生市": 9897371.13402062,
  "桜川市": 6535714.285714285,
  "桶川市": 30372870.66246057,
  "横浜市中区": 63600000.0,
  "横浜市保土ケ谷区": 43270743.80165289,
  "横浜市南区": 48249468.08510638,
  "横浜市戸塚区": 41201815.82360571,
  "横浜市旭区": 44311753.95858709,
  "横浜市栄区": 41994158.07560138,
  "横浜市泉区": 43075166.29711752,
  "横浜市港北区": 66164108.35214447,
  "横浜市港南区": 45954908.485856906,
  "横浜市瀬谷区": 42660722.89156626,
  "横浜市磯子区": 45998271.60493827,
  "横浜市神奈川区": 61205220.228384994,
  "横浜市緑区": 52809523.809523806,
  "横浜市西区": 58327083.333333336,
  "横浜市都筑区": 71925806.4516129,
  "横浜市金沢区": 44564875.239923224,
  "横浜市青葉区": 71032242.42424242,
  "横浜市鶴見区": 52197343.75,
  "横須賀市": 28762761.674718197,
  "武蔵村山市": 30238834.951456312,
  "武蔵野市": 100715168.53932585,
  "比企郡ときがわ町": 7309285.714285715,
  "比企郡吉見町": 7039189.189189189,
  "比企郡小川町": 9302816.90140845,
  "比企郡嵐山町": 13751785.714285715,
  "比企郡川島町": 12137432.432432432,
  "比企郡滑川町": 24295238.095238097,
  "比企郡鳩山町": 8548484.848484848,
  "水戸市": 22849674.09948542,
  "江戸川区": 58089835.06944445,
  "江東区": 80484350.132626,
  "河内郡上三川町": 18763265.30612245,
  "沼田市": 13685319.148936171,
  "流山市": 47346329.5269168,
  "浦安市": 72480232.55813953,
  "海老名市": 42232267.44186047,
  "深谷市": 15926666.666666666,
  "清瀬市": 42522321.428571425,
  "渋川市": 12177241.379310345,
  "渋谷区": 168770833.33333334,
  "港区": 209837837.83783785,
  "潮来市": 8142857.142857143,
  "熊谷市": 18847555.147058822,
  "牛久市": 20109890.10989011,
  "狛江市": 62206521.73913044,
  "狭山市": 24409074.62686567,
  "猿島郡五霞町": 15423529.411764706,
  "猿島郡境町": 14366666.666666666,
  "甘楽郡下仁田町": 5292307.692307692,
  "甘楽郡南牧村": 2600000.0,
  "甘楽郡甘楽町": 14236842.105263159,
  "町田市": 43530525.437864885,
  "白井市": 30466666.666666668,
  "白岡市": 22476000.0,
  "目黒区": 145146214.0992167,
  "相模原市中央区": 38719256.30810093,
  "相模原市南区": 43720731.70731708,
  "相模原市緑区": 33989309.57683741,
  "真岡市": 15134935.897435898,
  "矢板市": 9105897.435897436,
  "石岡市": 11336089.743589744,
  "神栖市": 13853744.292237444,
  "神津島村": 1970000.0,
  "福生市": 39131418.91891892,
  "秦野市": 25824151.696606785,
  "秩父市": 9114084.507042253,
  "秩父郡小鹿野町": 4550909.090909091,
  "秩父郡東秩父村": 1000000.0,
  "秩父郡横瀬町": 9300000.0,
  "秩父郡皆野町": 4549411.764705882,
  "秩父郡長瀞町": 6116470.588235294,
  "稲城市": 53193193.71727749,
  "稲敷市": 4929310.344827586,
  "稲敷郡河内町": 5841666.666666667,
  "稲敷郡美浦村": 2606862.745098039,
  "稲敷郡阿見町": 18708465.346534654,